pipeID,V1,V2
3,1,1
4,0,0
5,1,1
6,1,0
7,1,0
8,1,0
9,1,0
10,1,0
11,1,1
12,0,1
13,1,0
14,1,0
15,1,0
16,1,1
17,1,0
18,1,0
19,0,0
20,0,1
21,1,0
22,1,0
23,0,0
24,0,0
25,1,0
26,0,0
27,0,0
28,1,1
29,1,1
30,0,0
31,1,1
32,0,0
33,0,0
34,0,0
35,1,1
36,1,0
37,1,0
38,0,0
39,1,1
40,1,0
41,1,0
42,1,0
43,1,1
44,1,0
45,0,0
46,1,0
47,1,0
48,1,0
49,0,1
50,1,0
51,1,0
52,0,0
53,1,0
54,0,0
55,1,0
56,1,0
57,1,1
58,0,0
59,1,0
60,0,0
61,0,1
62,0,1
63,0,1
64,1,1
65,1,1
66,0,1
67,1,0
68,0,0
69,0,0
70,1,0
71,1,0
72,1,0
73,1,1
74,1,0
75,1,0
76,0,1
77,0,1
78,0,1
79,1,1
80,0,0
81,0,1
82,0,1
83,1,0
84,0,1
85,1,0
86,1,1
87,0,0
88,0,0
89,1,0
90,0,1
91,0,0
92,1,0
93,1,0
94,0,1
95,1,0
96,1,1
97,1,1
98,1,0
99,1,0
100,1,0
101,1,0
102,0,1
103,0,0
104,1,0
105,1,0
106,0,1
107,0,1
108,1,0
109,0,0
110,0,0
111,1,0
112,1,0
113,1,0
114,1,1
115,1,1
116,1,0
117,1,1
118,1,0
119,0,0
120,0,1
121,1,1
122,1,1
123,1,0
124,1,0
125,0,0
126,1,0
127,1,0
128,1,0
129,1,0
130,1,1
131,1,1
132,0,0
133,0,1
134,1,0
135,1,0
136,1,1
137,0,0
138,1,0
139,1,0
140,1,0
141,1,0
142,1,0
143,1,1
144,0,0
145,1,1
146,0,0
147,1,1
148,1,0
149,1,1
150,1,1
151,1,1
152,0,0
153,1,1
154,1,1
155,0,0
156,1,0
157,0,0
158,0,0
159,0,0
160,1,0
161,1,1
162,1,0
163,0,0
164,1,1
165,1,1
166,1,1
167,1,0
168,0,0
169,1,0
170,1,1
171,1,0
172,1,0
173,1,0
174,1,1
175,1,0
176,0,0
177,1,0
178,1,1
179,1,0
180,0,1
181,0,1
182,1,1
183,0,0
184,0,0
185,1,1
186,1,1
187,1,0
188,1,1
189,0,0
190,1,0
191,0,0
192,1,0
193,1,0
194,1,0
195,1,0
196,1,1
197,0,1
198,1,0
199,1,1
200,1,0
201,0,0
202,0,1
203,0,0
204,1,1
205,1,0
206,1,1
207,1,0
208,0,0
209,0,1
210,1,1
211,0,1
212,0,0
213,1,0
214,0,0
215,1,1
216,1,0
217,1,0
218,1,0
219,0,1
220,0,0
221,1,1
222,1,1
223,1,1
224,0,1
225,1,0
226,1,0
227,0,0
228,1,1
229,1,1
230,1,0
231,1,0
232,1,0
233,0,0
234,1,1
235,1,0
236,1,1
237,1,0
238,0,1
239,1,0
240,0,1
241,1,0
242,1,0
243,1,1
244,1,0
245,1,0
246,0,0
247,0,0
248,1,0
249,1,1
250,1,0
251,1,0
252,1,1
253,0,1
254,0,0
255,1,0
256,1,0
257,1,1
258,0,0
259,0,0
260,1,1
261,1,0
262,0,0
263,0,1
264,1,0
265,1,0
266,1,1
267,1,1
268,1,0
269,1,0
270,0,0
271,1,0
272,1,0
273,1,1
274,1,0
275,0,0
276,0,0
277,0,0
278,1,0
279,1,1
280,1,0
281,0,0
282,1,1
283,0,1
284,1,0
285,1,0
286,1,0
287,0,1
288,1,1
289,0,0
290,0,0
291,1,0
292,0,1
293,0,0
294,1,0
295,1,1
296,0,0
297,0,1
298,1,1
299,0,0
300,1,0
301,0,1
302,0,1
303,1,0
304,1,1
305,0,0
306,1,0
307,0,0
308,1,0
309,0,0
310,0,0
311,0,0
312,0,1
313,0,0
314,1,1
315,1,0
316,0,0
317,1,0
318,1,0
319,1,1
320,1,0
321,1,0
322,1,0
323,1,1
324,1,0
325,0,1
326,1,1
327,1,0
328,1,0
329,0,0
330,1,0
331,1,1
332,0,1
333,1,1
334,0,0
335,0,0
336,1,1
337,1,0
338,1,1
339,1,0
340,0,1
341,1,1
342,1,1
343,0,0
344,1,0
345,1,1
346,1,0
347,0,0
348,0,0
349,0,1
350,1,1
351,1,0
352,1,0
353,1,0
354,0,1
355,1,0
356,1,0
357,1,0
358,1,1
359,1,0
360,0,0
361,1,0
362,0,0
363,1,0
364,0,1
365,0,1
366,1,1
367,1,1
368,1,0
369,0,1
370,0,0
371,1,0
372,0,0
373,0,0
374,0,0
375,1,1
376,1,0
377,0,0
378,1,0
379,1,1
380,1,1
381,1,0
382,1,0
383,0,1
384,0,1
385,1,0
386,0,0
387,1,1
388,1,1
389,1,0
390,0,0
391,1,0
392,0,0
393,1,0
394,1,0
395,1,0
396,0,0
397,0,1
398,0,1
399,0,0
400,1,1
401,1,0
402,0,1
403,1,0
404,1,1
405,0,1
406,1,0
407,1,0
408,1,0
409,1,0
410,0,1
411,0,0
412,0,0
413,1,0
414,1,1
415,1,0
416,1,0
417,1,0
418,1,1
419,0,0
420,0,0
421,1,0
422,0,0
423,1,0
424,1,0
425,0,0
426,1,1
427,0,1
428,1,1
429,1,1
430,0,1
431,1,0
432,0,1
433,1,1
434,1,1
435,1,1
436,1,0
437,0,0
438,0,0
439,0,0
440,0,0
441,0,0
442,0,0
443,1,1
444,1,1
445,0,1
446,0,0
447,1,1
448,0,1
449,1,1
450,1,1
451,0,0
452,0,0
453,1,1
454,0,0
455,1,0
456,1,1
457,1,0
458,1,1
459,1,0
460,1,1
461,1,0
462,0,0
463,1,0
464,1,0
465,1,0
466,0,0
467,1,0
468,0,1
469,1,0
470,0,0
471,1,0
472,0,0
473,1,0
474,1,0
475,0,1
476,0,0
477,0,0
478,1,0
479,0,0
480,1,1
481,1,0
482,1,1
483,0,1
484,1,1
485,0,1
486,1,1
487,1,1
488,1,0
489,0,0
490,1,0
491,1,0
492,1,1
493,0,0
494,1,0
495,0,1
496,0,0
497,0,1
498,1,0
499,1,0
500,0,0
501,0,1
502,0,0
503,1,0
504,1,1
505,1,1
506,0,0
507,1,1
508,0,0
509,0,0
510,0,1
511,1,1
512,0,0
513,1,1
514,1,1
515,0,0
516,1,0
517,1,1
518,0,1
519,1,1
520,1,0
521,0,1
522,1,1
523,1,0
524,0,1
525,1,0
526,0,0
527,0,0
528,0,1
529,0,1
530,0,0
531,1,1
532,0,1
533,0,1
534,0,0
535,1,0
536,0,0
537,1,0
538,1,1
539,0,0
540,0,0
541,1,0
542,1,0
543,0,1
544,0,0
545,1,0
546,0,0
547,1,0
548,1,0
549,1,0
550,1,0
551,1,0
552,1,1
553,1,0
554,0,1
555,1,1
556,0,1
557,0,0
558,0,0
559,0,0
560,1,1
561,0,1
562,1,0
563,1,1
564,0,1
565,1,0
566,0,0
567,1,0
568,0,0
569,0,1
570,1,0
571,1,1
572,1,1
573,1,1
574,1,0
575,1,0
576,0,1
577,1,0
578,0,1
579,0,0
580,0,1
581,1,1
582,1,1
583,0,0
584,0,0
585,0,0
586,0,0
587,0,0
588,0,0
589,0,0
590,1,1
591,1,0
592,0,0
593,1,0
594,0,0
595,0,0
596,1,0
597,1,0
598,0,1
599,1,1
600,0,0
601,1,0
602,1,0
603,1,1
604,1,0
605,1,0
606,0,0
607,0,0
608,0,0
609,1,0
610,1,0
611,0,0
612,0,0
613,1,0
614,1,1
615,0,0
616,1,0
617,0,0
618,1,0
619,0,0
620,1,0
621,1,0
622,1,1
623,1,1
624,1,0
625,1,1
626,1,1
627,0,0
628,0,0
629,1,0
630,1,1
631,1,0
632,1,0
633,0,1
634,1,0
635,1,0
636,1,0
637,0,0
638,0,0
639,1,0
640,0,1
641,1,0
642,0,0
643,1,0
644,0,1
645,1,0
646,1,0
647,1,1
648,1,0
649,0,0
650,1,1
651,0,1
652,1,1
653,1,0
654,1,1
655,1,1
656,1,1
657,1,0
658,1,0
659,1,0
660,1,0
661,1,0
662,0,0
663,1,1
664,1,1
665,0,1
666,0,0
667,0,0
668,1,0
669,1,0
670,1,1
671,0,1
672,1,0
673,1,0
674,0,0
675,0,0
676,0,1
677,1,1
678,1,0
679,0,0
680,1,0
681,1,0
682,1,1
683,0,0
684,1,0
685,1,1
686,1,0
687,1,1
688,1,0
689,1,0
690,1,1
691,0,1
692,0,1
693,1,1
694,1,1
695,1,1
696,1,0
697,0,0
698,1,0
699,0,0
700,0,1
701,1,0
702,1,1
703,1,0
704,1,0
705,0,1
706,0,0
707,0,0
708,0,0
709,1,0
710,1,1
711,1,1
712,0,1
713,1,0
714,1,0
715,0,0
716,1,1
717,1,0
718,1,1
719,1,0
720,1,1
721,0,0
722,1,0
723,0,0
724,1,1
725,1,0
726,1,1
727,0,1
728,0,1
729,1,1
730,1,0
731,1,0
732,0,0
733,0,0
734,1,1
735,1,0
736,1,0
737,1,1
738,0,0
739,0,1
740,0,0
741,1,0
742,0,0
743,0,0
744,0,1
745,0,1
746,1,0
747,0,0
748,1,0
749,1,1
750,1,0
751,1,1
752,0,0
753,0,0
754,1,0
755,1,1
756,1,0
757,0,0
758,1,0
759,1,0
760,1,1
761,0,0
762,1,0
763,1,1
764,1,0
765,0,0
766,1,0
767,0,0
768,0,0
769,0,0
770,0,1
771,1,0
772,1,1
773,1,1
774,1,1
775,1,0
776,1,1
777,1,0
778,1,0
779,1,1
780,1,0
781,0,0
782,0,1
783,1,0
784,1,0
785,1,0
786,0,0
787,1,1
788,1,0
789,0,0
790,1,0
791,1,0
792,1,0
793,1,0
794,1,1
795,0,1
796,0,0
797,0,1
798,1,1
799,1,0
800,0,0
801,0,0
802,0,0
803,0,0
804,1,1
805,0,1
806,1,0
807,1,0
808,1,0
809,0,0
810,0,1
811,0,0
812,1,0
813,0,1
814,1,1
815,1,1
816,0,0
817,1,0
818,0,0
819,0,0
820,1,0
821,1,1
822,1,1
823,0,0
824,0,0
825,1,0
826,1,1
827,1,0
828,0,0
829,1,0
830,0,0
831,0,0
832,1,0
833,1,1
834,1,0
835,1,0
836,1,0
837,0,0
838,0,0
839,0,0
840,1,1
841,1,1
842,1,1
843,1,0
844,1,0
845,1,1
846,0,0
847,0,0
848,0,1
849,1,0
850,1,1
851,1,1
852,1,0
853,0,0
854,1,0
855,1,0
856,1,0
857,1,0
858,0,0
859,1,1
860,1,0
861,1,0
862,1,0
863,1,0
864,1,0
865,1,0
866,1,1
867,1,1
868,0,0
869,0,0
870,0,0
871,1,1
872,1,0
873,1,0
874,1,0
875,0,0
876,1,0
877,0,0
878,1,0
879,1,0
880,0,1
881,1,0
882,1,0
883,1,1
884,1,0
885,1,0
886,1,0
887,0,0
888,1,0
889,0,0
890,1,1
891,0,1
892,1,0
893,0,0
894,0,1
895,0,1
896,1,1
897,1,1
898,1,0
899,0,0
900,1,1
901,1,0
902,1,1
903,1,0
904,1,0
905,1,1
906,0,0
907,1,0
908,0,1
909,1,0
910,1,0
911,1,0
912,0,0
913,1,0
914,1,1
915,1,0
916,1,1
917,1,0
918,1,1
919,1,0
920,1,1
921,1,0
922,1,0
923,1,0
924,1,0
925,0,1
926,1,0
927,0,0
928,0,0
929,0,0
930,1,0
931,1,0
932,1,1
933,0,0
934,1,0
935,1,0
936,0,0
937,1,1
938,1,0
939,1,0
940,1,0
941,0,1
942,1,0
943,0,1
944,1,0
945,1,0
946,1,0
947,1,0
948,1,1
949,0,0
950,0,0
951,0,0
952,1,1
953,1,1
954,0,0
955,0,1
956,1,1
957,1,0
958,0,0
959,1,1
960,1,1
961,1,0
962,1,0
963,0,0
964,1,1
965,1,0
966,1,1
967,1,0
968,1,0
969,1,0
970,0,0
971,0,0
972,1,0
973,1,0
974,1,0
975,1,0
976,0,0
977,1,0
978,1,0
979,1,1
980,1,1
981,1,0
982,1,0
983,0,1
984,0,1
985,1,1
986,1,0
987,0,0
988,0,1
989,0,0
990,0,0
991,1,0
992,1,0
993,0,0
994,1,0
995,0,0
996,1,0
997,0,0
998,0,1
999,1,1
1000,1,1
1001,0,1
1002,0,0
1003,1,1
1004,0,1
1005,0,1
1006,1,1
1007,1,0
1008,1,0
1009,0,0
1010,1,1
1011,1,1
1012,1,0
1013,0,0
1014,1,1
1015,1,1
1016,1,0
1017,1,1
1018,0,1
1019,1,0
1020,0,1
1021,1,0
1022,1,1
1023,0,0
1024,0,1
1025,1,0
1026,1,0
1027,0,1
1028,1,0
1029,0,0
1030,1,0
1031,1,1
1032,1,0
1033,1,0
1034,1,0
1035,0,0
1036,1,1
1037,0,0
1038,1,0
1039,1,0
1040,1,1
1041,1,1
1042,0,1
1043,0,1
1044,1,1
1045,1,0
1046,1,1
1047,0,0
1048,0,0
1049,0,0
1050,1,0
1051,1,0
1052,1,0
1053,0,0
1054,0,1
1055,1,0
1056,1,1
1057,1,0
1058,1,0
1059,0,0
1060,1,1
1061,1,1
1062,1,0
1063,1,0
1064,0,0
1065,0,0
1066,1,1
1067,1,0
1068,1,0
1069,1,1
1070,0,1
1071,1,0
1072,1,0
1073,0,0
1074,1,0
1075,1,0
1076,1,1
1077,0,0
1078,0,0
1079,0,1
1080,1,1
1081,1,0
1082,1,0
1083,1,0
1084,1,0
1085,1,0
1086,0,1
1087,1,0
1088,1,0
1089,0,0
1090,1,1
1091,1,0
1092,0,0
1093,0,1
1094,0,0
1095,0,1
1096,1,0
1097,1,1
1098,1,1
1099,0,0
1100,1,0
1101,1,0
1102,1,1
1103,1,0
1104,1,1
1105,0,0
1106,1,1
1107,1,1
1108,1,1
1109,1,1
1110,1,0
1111,1,0
1112,0,0
1113,1,1
1114,0,0
1115,0,0
1116,1,0
1117,0,0
1118,1,0
1119,0,0
1120,1,0
1121,1,0
1122,1,0
1123,0,1
1124,0,0
1125,1,0
1126,1,1
1127,1,1
1128,1,0
1129,1,1
1130,1,0
1131,1,1
1132,0,1
1133,1,1
1134,1,1
1135,1,0
1136,1,1
1137,1,1
1138,1,1
1139,0,0
1140,0,0
1141,0,0
1142,1,0
1143,1,0
1144,1,1
1145,1,1
1146,0,1
1147,0,0
1148,0,0
1149,0,0
1150,0,0
1151,1,0
1152,1,0
1153,1,0
1154,0,1
1155,1,0
1156,1,1
1157,0,1
1158,1,0
1159,0,0
1160,0,0
1161,1,0
1162,1,0
1163,1,0
1164,1,0
1165,1,0
1166,1,0
1167,1,1
1168,0,0
1169,0,0
1170,1,1
1171,1,0
1172,0,0
1173,1,0
1174,1,0
1175,1,0
1176,1,1
1177,1,1
1178,1,0
1179,0,0
1180,1,0
1181,1,0
1182,0,0
1183,1,0
1184,0,0
1185,1,1
1186,1,0
1187,1,1
1188,1,0
1189,0,0
1190,1,0
1191,0,0
1192,1,0
1193,0,0
1194,1,0
1195,1,0
1196,1,0
1197,1,0
1198,0,0
1199,1,0
1200,1,0
1201,1,0
1202,1,0
1203,0,0
1204,1,0
1205,0,0
1206,0,0
1207,0,0
1208,1,1
1209,0,1
1210,0,0
1211,1,0
1212,1,0
1213,1,0
1214,0,0
1215,1,0
1216,1,1
1217,1,0
1218,1,1
1219,1,1
1220,0,1
1221,1,1
1222,0,0
1223,1,1
1224,1,0
1225,0,1
1226,0,0
1227,1,1
1228,1,1
1229,1,0
1230,1,1
1231,1,0
1232,0,0
1233,0,0
1234,0,0
1235,1,0
1236,1,1
1237,0,0
1238,1,0
1239,1,1
1240,0,0
1241,1,0
1242,1,0
1243,0,1
1244,1,0
1245,0,1
1246,1,0
1247,1,0
1248,1,0
1249,1,0
1250,1,1
1251,0,1
1252,1,0
1253,1,0
1254,0,0
1255,1,1
1256,0,1
1257,1,0
1258,1,0
1259,1,0
1260,0,0
1261,0,0
1262,1,0
1263,1,0
1264,1,0
1265,1,0
1266,0,0
1267,1,0
1268,1,0
1269,0,0
1270,0,1
1271,0,1
1272,1,1
1273,0,0
1274,0,0
1275,1,0
1276,1,1
1277,1,1
1278,1,1
1279,0,1
1280,1,1
1281,0,0
1282,0,0
1283,0,1
1284,1,0
1285,1,0
1286,0,0
1287,1,0
1288,0,0
1289,0,0
1290,0,0
1291,0,0
1292,0,0
1293,1,0
1294,0,0
1295,0,0
1296,1,1
1297,1,0
1298,0,1
1299,0,0
1300,0,1
1301,0,0
1302,1,1
1303,0,0
1304,1,0
1305,0,0
1306,0,1
1307,1,0
1308,0,0
1309,1,1
1310,1,0
1311,1,0
1312,0,1
1313,0,0
1314,1,0
1315,1,0
1316,0,1
1317,1,0
1318,1,0
1319,0,1
1320,0,0
1321,1,0
1322,1,1
1323,1,1
1324,0,0
1325,1,1
1326,1,0
1327,1,0
1328,1,1
1329,1,0
1330,1,0
1331,0,0
1332,1,1
1333,1,1
1334,1,0
1335,1,0
1336,1,0
1337,1,0
1338,1,0
1339,1,0
1340,1,0
1341,1,0
1342,1,1
1343,1,1
1344,0,0
1345,0,0
1346,1,0
1347,1,1
1348,0,0
1349,1,0
1350,1,0
1351,1,1
1352,1,1
1353,1,1
1354,1,0
1355,1,0
1356,1,0
1357,1,1
1358,0,1
1359,1,0
1360,1,1
1361,0,1
1362,1,0
1363,0,0
1364,1,0
1365,1,0
1366,1,0
1367,0,1
1368,0,0
1369,1,0
1370,0,0
1371,1,1
1372,1,0
1373,1,1
1374,0,0
1375,0,1
1376,0,0
1377,0,0
1378,1,1
1379,1,1
1380,1,1
1381,0,1
1382,1,1
1383,1,0
1384,1,0
1385,1,1
1386,1,1
1387,1,0
1388,1,0
1389,1,0
1390,0,1
1391,0,1
1392,1,0
1393,1,1
1394,1,1
1395,0,0
1396,0,1
1397,1,1
1398,1,1
1399,1,0
1400,1,1
1401,1,0
1402,0,0
1403,0,0
1404,1,0
1405,1,0
1406,0,1
1407,0,0
1408,0,0
1409,0,1
1410,0,0
1411,1,0
1412,0,0
1413,1,0
1414,0,0
1415,1,0
1416,1,1
1417,0,1
1418,1,0
1419,1,0
1420,0,0
1421,0,0
1422,1,0
1423,1,1
1424,1,0
1425,0,0
1426,0,0
1427,1,0
1428,1,0
1429,0,0
1430,1,0
1431,0,0
1432,0,0
1433,1,0
1434,1,0
1435,1,0
1436,1,1
1437,0,1
1438,0,1
1439,0,0
1440,1,1
1441,0,0
1442,1,0
1443,0,1
1444,0,1
1445,1,0
1446,1,0
1447,1,0
1448,0,0
1449,0,0
1450,1,0
1451,0,0
1452,1,0
1453,1,1
1454,1,0
1455,1,1
1456,0,1
1457,1,0
1458,0,0
1459,0,1
1460,0,1
1461,0,0
1462,1,0
1463,1,0
1464,1,1
1465,1,1
1466,1,0
1467,1,1
1468,1,1
1469,1,0
1470,1,1
1471,1,1
1472,1,0
1473,1,1
1474,1,0
1475,1,0
1476,1,0
1477,1,1
1478,0,0
1479,0,0
1480,1,0
1481,1,0
1482,1,0
1483,1,0
1484,1,1
1485,1,0
1486,0,0
1487,1,0
1488,1,0
1489,1,1
1490,0,0
1491,1,0
1492,1,0
1493,0,0
1494,1,0
1495,1,1
1496,1,1
1497,0,1
1498,0,1
1499,0,0
1500,1,0
1501,1,0
1502,0,0
1503,1,1
1504,1,1
1505,1,0
1506,0,1
1507,1,0
1508,1,0
1509,0,0
1510,0,0
1511,0,1
1512,1,0
1513,0,1
1514,1,0
1515,1,1
1516,1,0
1517,0,0
1518,0,0
1519,1,0
1520,1,0
1521,1,1
1522,1,0
1523,0,0
1524,1,0
1525,0,0
1526,1,0
1527,1,0
1528,1,0
1529,1,1
1530,0,1
1531,1,0
1532,0,0
1533,1,0
1534,0,0
1535,1,0
1536,0,0
1537,1,0
1538,0,0
1539,0,1
1540,1,0
1541,1,1
1542,1,1
1543,1,0
1544,1,1
1545,1,0
1546,1,1
1547,1,1
1548,0,0
1549,1,0
1550,1,0
1551,1,0
1552,0,1
1553,1,0
1554,1,0
1555,1,1
1556,1,0
1557,0,1
1558,0,0
1559,1,1
1560,0,1
1561,0,0
1562,0,0
1563,0,1
1564,1,1
1565,0,0
1566,1,0
1567,0,0
1568,1,1
1569,1,0
1570,0,1
1571,0,0
1572,1,1
1573,1,0
1574,0,0
1575,0,1
1576,1,1
1577,0,1
1578,0,1
1579,1,1
1580,1,1
1581,0,0
1582,1,1
1583,1,1
1584,1,0
1585,0,1
1586,1,1
1587,1,1
1588,1,0
1589,1,1
1590,1,1
1591,1,1
1592,1,1
1593,0,0
1594,1,1
1595,1,1
1596,1,0
1597,1,1
1598,1,0
1599,0,0
1600,1,0
1601,1,0
1602,0,1
1603,0,0
1604,0,0
1605,1,1
1606,1,1
1607,1,0
1608,1,0
1609,1,0
1610,1,1
1611,1,1
1612,1,1
1613,1,0
1614,1,1
1615,1,0
1616,1,1
1617,1,0
1618,1,1
1619,1,0
1620,0,1
1621,1,1
1622,1,0
1623,1,0
1624,0,0
1625,1,0
1626,1,0
1627,0,0
1628,1,0
1629,0,0
1630,1,0
1631,1,1
1632,1,1
1633,1,0
1634,1,0
1635,1,0
1636,1,0
1637,1,1
1638,1,1
1639,1,0
1640,1,1
1641,1,0
1642,0,1
1643,0,0
1644,1,0
1645,1,1
1646,1,0
1647,0,0
1648,1,0
1649,0,0
1650,0,1
1651,1,0
1652,0,0
1653,1,0
1654,1,1
1655,0,0
1656,1,0
1657,1,0
1658,0,0
1659,0,0
1660,0,1
1661,1,0
1662,0,0
1663,1,0
1664,0,0
1665,0,0
1666,1,0
1667,1,0
1668,1,0
1669,1,0
1670,1,0
1671,1,1
1672,1,1
1673,0,1
1674,0,0
1675,0,0
1676,0,0
1677,1,1
1678,1,1
1679,1,1
1680,0,0
1681,0,1
1682,0,1
1683,1,0
1684,1,1
1685,0,0
1686,1,0
1687,0,0
1688,1,0
1689,0,0
1690,1,0
1691,1,0
1692,1,1
1693,1,1
1694,0,1
1695,0,0
1696,0,0
1697,0,0
1698,0,0
1699,0,0
1700,0,1
1701,1,0
1702,0,1
1703,0,0
1704,1,1
1705,1,0
1706,1,0
1707,0,1
1708,1,0
1709,1,1
1710,1,0
1711,1,0
1712,1,1
1713,1,1
1714,0,1
1715,1,1
1716,0,0
1717,0,1
1718,1,0
1719,1,0
1720,1,0
1721,0,0
1722,1,1
1723,1,1
1724,1,0
1725,1,0
1726,1,1
1727,0,0
1728,0,0
1729,1,0
1730,1,0
1731,1,0
1732,1,1
1733,1,1
1734,1,0
1735,1,0
1736,1,0
1737,1,1
1738,1,0
1739,1,0
1740,0,1
1741,1,0
1742,1,0
1743,0,0
1744,1,1
1745,0,0
1746,0,1
1747,1,0
1748,1,0
1749,0,0
1750,1,0
1751,0,0
1752,1,1
1753,1,1
1754,1,1
1755,1,1
1756,1,1
1757,1,0
1758,0,0
1759,0,0
1760,1,0
1761,0,0
1762,1,1
1763,0,0
1764,1,0
1765,0,0
1766,0,0
1767,1,1
1768,0,0
1769,0,0
1770,1,0
1771,0,1
1772,1,1
1773,0,1
1774,1,1
1775,1,0
1776,0,1
1777,1,1
1778,1,0
1779,0,0
1780,0,0
1781,1,1
1782,1,0
1783,1,0
1784,1,0
1785,1,1
1786,1,1
1787,0,1
1788,1,1
1789,1,0
1790,1,0
1791,1,1
1792,0,0
1793,0,0
1794,1,1
1795,1,0
1796,0,0
1797,1,1
1798,1,0
1799,1,0
1800,0,0
1801,1,1
1802,0,0
1803,1,0
1804,1,1
1805,1,0
1806,1,0
1807,0,1
1808,1,0
1809,1,1
1810,1,1
1811,0,0
1812,1,1
1813,1,1
1814,1,0
1815,0,1
1816,1,0
1817,1,0
1818,1,0
1819,1,0
1820,1,1
1821,1,1
1822,1,0
1823,1,0
1824,1,0
1825,0,0
1826,0,1
1827,1,0
1828,0,1
1829,0,1
1830,1,1
1831,0,0
1832,1,1
1833,1,0
1834,0,1
1835,1,0
1836,0,0
1837,0,0
1838,0,1
1839,1,0
1840,1,1
1841,1,0
1842,1,1
1843,1,1
1844,0,1
1845,1,0
1846,1,0
1847,0,0
1848,1,0
1849,0,1
1850,1,0
1851,1,1
1852,1,0
1853,1,0
1854,0,0
1855,1,1
1856,1,0
1857,1,0
1858,0,1
1859,0,0
1860,0,0
1861,1,0
1862,0,1
1863,1,0
1864,1,1
1865,1,0
1866,0,0
1867,0,0
1868,1,0
1869,1,0
1870,1,0
1871,1,0
1872,1,0
1873,1,1
1874,1,1
1875,0,1
1876,1,1
1877,1,0
1878,0,0
1879,1,0
1880,1,0
1881,1,0
1882,1,0
1883,1,0
1884,1,1
1885,1,0
1886,0,0
1887,1,1
1888,1,0
1889,1,0
1890,1,0
1891,0,0
1892,1,1
1893,1,1
1894,0,0
1895,1,0
1896,1,0
1897,1,0
1898,1,1
1899,0,0
1900,1,0
1901,0,0
1902,0,0
1903,1,0
1904,1,0
1905,1,0
1906,1,0
1907,0,1
1908,0,1
1909,0,0
1910,1,0
1911,1,0
1912,0,0
1913,1,1
1914,0,1
1915,1,0
1916,1,1
1917,1,1
1918,1,1
1919,0,0
1920,1,1
1921,1,0
1922,1,0
1923,0,1
1924,1,0
1925,0,0
1926,0,0
1927,1,0
1928,1,0
1929,1,1
1930,0,1
1931,1,1
1932,1,0
1933,1,1
1934,1,0
1935,0,0
1936,1,1
1937,1,1
1938,1,1
1939,0,0
1940,0,0
1941,0,1
1942,1,1
1943,1,0
1944,1,1
1945,0,0
1946,1,0
1947,1,0
1948,1,0
1949,1,0
1950,1,0
1951,1,0
1952,1,1
1953,0,1
1954,0,0
1955,1,1
1956,1,0
1957,0,1
1958,1,1
1959,0,0
1960,1,0
1961,0,1
1962,0,0
1963,1,0
1964,0,1
1965,1,0
1966,1,1
1967,0,1
1968,0,0
1969,1,0
1970,1,0
1971,1,1
1972,0,0
1973,1,0
1974,1,0
1975,1,1
1976,1,0
1977,0,1
1978,0,0
1979,1,1
1980,0,0
1981,1,1
1982,1,0
1983,0,0
1984,1,1
1985,0,0
1986,0,1
1987,1,1
1988,1,0
1989,1,1
1990,1,1
1991,1,0
1992,1,0
1993,0,0
1994,0,0
1995,1,0
1996,0,0
1997,0,0
1998,0,0
1999,1,1
2000,1,0
2001,1,1
2002,0,0
2003,1,1
2004,0,0
2005,1,0
2006,1,1
2007,1,1
2008,1,1
2009,0,0
2010,0,0
2011,1,0
2012,1,0
2013,1,1
2014,1,0
2015,1,1
2016,1,1
2017,1,0
2018,1,1
2019,0,1
2020,1,0
2021,0,1
2022,1,0
2023,0,0
2024,0,0
2025,0,1
2026,1,1
2027,0,0
2028,1,0
2029,1,0
2030,1,0
2031,0,1
2032,0,0
2033,0,1
2034,0,0
2035,0,0
2036,1,0
2037,1,1
2038,1,0
2039,0,1
2040,1,1
2041,1,0
2042,0,0
2043,1,0
2044,0,1
2045,0,1
2046,0,0
2047,1,0
2048,0,0
2049,1,0
2050,1,0
2051,0,1
2052,1,0
2053,0,0
2054,1,0
2055,0,1
2056,1,0
2057,1,0
2058,1,1
2059,0,0
2060,1,0
2061,1,1
2062,1,1
2063,1,0
2064,1,0
2065,0,0
2066,1,0
2067,1,0
2068,0,0
2069,1,0
2070,1,0
2071,1,1
2072,1,1
2073,1,1
2074,1,1
2075,1,0
2076,0,0
2077,1,1
2078,1,1
2079,1,1
2080,1,0
2081,0,0
2082,1,0
2083,0,0
2084,1,0
2085,1,0
2086,1,0
2087,0,0
2088,0,0
2089,1,0
2090,1,0
2091,1,0
2092,0,0
2093,1,1
2094,1,1
2095,0,0
2096,1,0
2097,1,0
2098,0,0
2099,0,0
2100,0,0
2101,1,0
2102,0,1
2103,0,0
2104,1,0
2105,0,1
2106,1,1
2107,0,0
2108,1,0
2109,0,0
2110,0,1
2111,1,1
2112,0,1
2113,0,1
2114,1,0
2115,1,0
2116,1,0
2117,0,1
2118,0,0
2119,1,0
2120,1,1
2121,1,1
2122,0,1
2123,1,0
2124,1,0
2125,0,0
2126,0,1
2127,1,0
2128,0,0
2129,1,0
2130,1,0
2131,0,0
2132,1,0
2133,0,0
2134,1,0
2135,1,0
2136,1,0
2137,1,0
2138,0,1
2139,1,1
2140,1,0
2141,1,0
2142,1,1
2143,1,0
2144,1,0
2145,1,1
2146,1,1
2147,1,1
2148,0,1
2149,1,1
2150,1,1
2151,1,0
2152,1,1
2153,1,0
2154,0,1
2155,0,0
2156,1,0
2157,1,0
2158,0,1
2159,1,0
2160,0,0
2161,0,0
2162,1,1
2163,1,0
2164,1,0
2165,1,1
2166,1,0
2167,0,1
2168,1,0
2169,0,1
2170,0,1
2171,1,0
2172,1,0
2173,1,1
2174,1,1
2175,1,0
2176,0,0
2177,0,1
2178,1,0
2179,1,1
2180,0,0
2181,0,0
2182,0,0
2183,0,0
2184,0,1
2185,1,0
2186,1,0
2187,0,0
2188,0,1
2189,1,0
2190,1,0
2191,1,0
2192,0,0
2193,1,1
2194,0,1
2195,0,1
2196,1,0
2197,0,0
2198,1,1
2199,1,0
2200,1,1
2201,1,0
2202,0,0
2203,0,0
2204,0,0
2205,1,1
2206,0,0
2207,0,1
2208,1,0
2209,1,1
2210,0,1
2211,0,0
2212,1,0
2213,1,0
2214,1,1
2215,1,0
2216,1,0
2217,0,1
2218,0,0
2219,1,1
2220,0,1
2221,0,0
2222,1,1
2223,1,0
2224,1,0
2225,0,1
2226,1,0
2227,1,0
2228,1,0
2229,1,0
2230,1,1
2231,0,0
2232,1,0
2233,0,1
2234,0,1
2235,0,0
2236,1,1
2237,0,1
2238,1,0
2239,0,1
2240,1,1
2241,1,0
2242,0,0
2243,0,1
2244,1,1
2245,0,0
2246,0,0
2247,1,0
2248,1,0
2249,0,1
2250,0,0
2251,0,0
2252,0,0
2253,0,0
2254,1,0
2255,1,0
2256,0,0
2257,1,0
2258,1,1
2259,1,0
2260,0,0
2261,1,0
2262,1,0
2263,1,0
2264,1,0
2265,1,1
2266,0,0
2267,1,0
2268,1,0
2269,1,0
2270,1,0
2271,0,0
2272,1,0
2273,1,1
2274,1,1
2275,1,0
2276,1,0
2277,1,1
2278,0,1
2279,0,0
2280,0,0
2281,1,0
2282,1,0
2283,1,0
2284,0,0
2285,0,0
2286,1,0
2287,1,0
2288,0,1
2289,0,0
2290,0,0
2291,0,0
2292,0,0
2293,1,1
2294,0,0
2295,1,0
2296,1,0
2297,1,0
2298,1,0
2299,1,1
2300,1,0
2301,0,1
2302,1,0
2303,0,0
2304,0,0
2305,0,1
2306,0,0
2307,0,0
2308,1,0
2309,1,0
2310,0,1
2311,1,0
2312,0,0
2313,1,0
2314,1,0
2315,1,1
2316,0,0
2317,1,0
2318,1,0
2319,0,1
2320,1,0
2321,1,0
2322,0,1
2323,1,0
2324,1,0
2325,0,0
2326,1,0
2327,1,0
2328,0,1
2329,0,0
2330,1,0
2331,1,0
2332,1,0
2333,0,0
2334,0,1
2335,1,0
2336,0,1
2337,0,0
2338,1,1
2339,1,1
2340,0,1
2341,1,0
2342,1,1
2343,1,0
2344,0,0
2345,0,0
2346,1,0
2347,0,0
2348,1,1
2349,1,0
2350,0,0
2351,1,0
2352,1,0
2353,1,0
2354,0,1
2355,1,0
2356,0,1
2357,1,1
2358,0,0
2359,1,0
2360,1,0
2361,1,0
2362,1,0
2363,1,0
2364,1,0
2365,0,0
2366,0,0
2367,0,0
2368,1,0
2369,1,0
2370,1,1
2371,1,1
2372,1,1
2373,1,0
2374,1,0
2375,0,0
2376,1,0
2377,1,0
2378,1,0
2379,1,0
2380,0,0
2381,1,0
2382,1,0
2383,1,1
2384,1,1
2385,1,0
2386,1,0
2387,0,0
2388,0,1
2389,1,0
2390,0,0
2391,1,0
2392,1,0
2393,1,0
2394,1,1
2395,0,0
2396,1,0
2397,0,0
2398,0,0
2399,0,0
2400,1,0
2401,1,0
2402,1,0
2403,1,1
2404,0,0
2405,1,0
2406,1,0
2407,0,1
2408,1,0
2409,1,0
2410,0,1
2411,0,1
2412,0,0
2413,0,1
2414,1,0
2415,0,0
2416,0,0
2417,0,0
2418,1,0
2419,0,1
2420,1,0
2421,0,1
2422,0,0
2423,0,1
2424,1,0
2425,0,1
2426,1,0
2427,1,1
2428,1,0
2429,1,0
2430,0,0
2431,0,0
2432,0,1
2433,0,0
2434,0,1
2435,1,1
2436,0,1
2437,1,1
2438,1,0
2439,0,0
2440,0,0
2441,0,0
2442,0,1
2443,0,0
2444,1,0
2445,0,0
2446,1,0
2447,1,1
2448,0,1
2449,0,1
2450,1,0
2451,1,0
2452,0,0
2453,0,0
2454,0,0
2455,1,1
2456,1,0
2457,1,0
2458,1,0
2459,1,0
2460,1,1
2461,1,1
2462,0,0
2463,1,1
2464,1,0
2465,0,0
2466,1,0
2467,1,0
2468,1,0
2469,1,1
2470,0,0
2471,0,0
2472,1,1
2473,1,0
2474,0,1
2475,0,0
2476,1,0
2477,0,0
2478,0,1
2479,1,1
2480,1,0
2481,1,0
2482,1,0
2483,1,0
2484,1,0
2485,1,0
2486,1,0
2487,1,1
2488,1,0
2489,1,1
2490,0,1
2491,1,1
2492,1,1
2493,1,0
2494,0,1
2495,1,0
2496,0,1
2497,0,0
2498,0,0
2499,0,1
2500,0,0
2501,1,1
2502,1,1
2503,1,0
2504,0,0
2505,0,0
2506,1,1
2507,1,0
2508,1,0
2509,1,1
2510,0,0
2511,0,0
2512,1,0
2513,1,1
2514,1,0
2515,1,1
2516,0,1
2517,1,0
2518,1,0
2519,0,0
2520,1,0
2521,1,1
2522,0,0
2523,0,0
2524,1,0
2525,1,0
2526,1,0
2527,0,0
2528,0,0
2529,0,1
2530,1,0
2531,1,0
2532,1,0
2533,1,0
2534,1,0
2535,1,0
2536,1,0
2537,1,0
2538,1,0
2539,0,0
2540,0,0
2541,1,0
2542,1,0
2543,0,1
2544,1,1
2545,1,0
2546,1,0
2547,0,0
2548,0,0
2549,0,1
2550,1,0
2551,0,0
2552,0,1
2553,0,0
2554,1,0
2555,1,0
2556,0,1
2557,0,1
2558,1,1
2559,1,1
2560,0,0
2561,1,0
2562,0,0
2563,1,0
2564,1,1
2565,1,1
2566,1,0
2567,0,0
2568,1,1
2569,0,0
2570,1,0
2571,0,0
2572,1,0
2573,1,0
2574,1,1
2575,1,1
2576,1,0
2577,0,0
2578,0,0
2579,1,0
2580,1,0
2581,0,1
2582,1,1
2583,1,1
2584,1,0
2585,1,1
2586,1,0
2587,0,1
2588,0,0
2589,1,0
2590,1,0
2591,0,1
2592,1,0
2593,0,1
2594,1,0
2595,0,0
2596,1,0
2597,0,1
2598,1,0
2599,1,0
2600,0,0
2601,0,0
2602,1,0
2603,0,0
2604,0,1
2605,0,1
2606,1,0
2607,0,1
2608,1,0
2609,0,0
2610,1,1
2611,1,1
2612,0,0
2613,1,0
2614,1,1
2615,1,0
2616,1,0
2617,1,0
2618,0,0
2619,1,0
2620,1,1
2621,0,1
2622,1,1
2623,1,1
2624,0,0
2625,1,0
2626,1,1
2627,1,1
2628,1,1
2629,1,1
2630,0,1
2631,1,0
2632,1,1
2633,0,0
2634,1,0
2635,0,1
2636,1,0
2637,0,0
2638,0,1
2639,1,0
2640,1,0
2641,1,1
2642,1,0
2643,0,1
2644,0,0
2645,0,1
2646,1,1
2647,0,0
2648,0,0
2649,0,1
2650,1,0
2651,1,0
2652,1,0
2653,0,0
2654,1,0
2655,0,0
2656,1,0
2657,1,0
2658,1,0
2659,1,0
2660,1,1
2661,0,1
2662,1,0
2663,1,1
2664,1,0
2665,1,0
2666,0,0
2667,1,0
2668,1,0
2669,1,0
2670,1,0
2671,1,0
2672,0,1
2673,0,0
2674,0,0
2675,1,0
2676,0,0
2677,1,1
2678,0,0
2679,1,0
2680,0,1
2681,0,1
2682,0,0
2683,1,0
2684,1,0
2685,0,1
2686,1,1
2687,1,1
2688,0,1
2689,0,0
2690,1,0
2691,0,0
2692,0,0
2693,1,0
2694,0,0
2695,1,1
2696,0,0
2697,0,0
2698,1,0
2699,0,0
2700,1,0
2701,0,0
2702,1,0
2703,1,0
2704,1,1
2705,0,0
2706,0,0
2707,1,1
2708,0,0
2709,1,1
2710,1,1
2711,1,1
2712,1,1
2713,1,0
2714,1,0
2715,0,1
2716,1,1
2717,1,1
2718,0,1
2719,1,0
2720,0,0
2721,1,1
2722,1,0
2723,1,0
2724,1,1
2725,1,0
2726,1,1
2727,0,0
2728,1,1
2729,1,0
2730,1,0
2731,1,1
2732,0,1
2733,1,0
2734,0,1
2735,0,0
2736,1,0
2737,1,1
2738,0,0
2739,1,0
2740,1,1
2741,1,0
2742,1,0
2743,1,1
2744,0,0
2745,1,1
2746,0,0
2747,1,0
2748,1,1
2749,1,0
2750,1,0
2751,1,0
2752,1,0
2753,1,0
2754,1,0
2755,1,1
2756,1,0
2757,1,0
2758,0,0
2759,1,1
2760,1,0
2761,0,0
2762,1,1
2763,0,1
2764,1,0
2765,1,0
2766,1,0
2767,0,0
2768,0,1
2769,0,1
2770,1,1
2771,1,0
2772,1,1
2773,0,0
2774,0,1
2775,1,0
2776,1,0
2777,1,1
2778,0,1
2779,0,1
2780,1,0
2781,1,0
2782,1,0
2783,1,1
2784,0,0
2785,0,0
2786,1,0
2787,1,1
2788,0,0
2789,1,0
2790,1,1
2791,1,1
2792,0,1
2793,1,0
2794,0,0
2795,1,1
2796,1,1
2797,1,0
2798,0,0
2799,1,1
2800,0,0
2801,0,0
2802,0,1
2803,1,1
2804,1,0
2805,0,0
2806,1,0
2807,1,1
2808,1,1
2809,1,0
2810,1,0
2811,1,0
2812,1,1
2813,1,0
2814,1,1
2815,1,0
2816,0,0
2817,1,0
2818,1,0
2819,1,0
2820,0,1
2821,1,0
2822,1,1
2823,0,0
2824,0,0
2825,1,0
2826,0,0
2827,1,0
2828,1,1
2829,0,0
2830,1,0
2831,0,0
2832,1,0
2833,1,0
2834,0,1
2835,1,1
2836,1,0
2837,1,0
2838,1,0
2839,1,1
2840,1,0
2841,0,0
2842,1,1
2843,1,1
2844,1,0
2845,0,1
2846,1,1
2847,0,1
2848,0,0
2849,1,0
2850,0,0
2851,0,0
2852,1,1
2853,0,0
2854,1,0
2855,1,0
2856,1,0
2857,0,0
2858,1,0
2859,1,0
2860,1,1
2861,0,0
2862,1,1
2863,1,0
2864,0,0
2865,1,0
2866,1,0
2867,0,0
2868,1,0
2869,0,0
2870,0,0
2871,1,0
2872,0,0
2873,1,0
2874,0,1
2875,0,0
2876,0,1
2877,1,1
2878,1,0
2879,0,0
2880,0,0
2881,1,0
2882,1,0
2883,0,0
2884,1,0
2885,1,1
2886,1,0
2887,0,0
2888,0,0
2889,0,0
2890,1,1
2891,1,1
2892,1,0
2893,1,0
2894,1,1
2895,1,0
2896,1,0
2897,1,0
2898,1,0
2899,0,0
2900,0,0
2901,0,0
2902,1,0
2903,0,0
2904,0,0
2905,1,1
2906,1,1
2907,0,0
2908,0,0
2909,1,0
2910,0,0
2911,1,0
2912,0,0
2913,1,1
2914,1,1
2915,0,0
2916,1,0
2917,1,1
2918,1,0
2919,0,0
2920,0,0
2921,1,1
2922,1,1
2923,1,0
2924,1,0
2925,1,1
2926,1,0
2927,0,0
2928,1,0
2929,1,0
2930,0,1
2931,1,1
2932,1,0
2933,1,0
2934,1,0
2935,1,1
2936,1,1
2937,0,0
2938,1,1
2939,1,1
2940,1,0
2941,1,0
2942,1,0
2943,1,0
2944,1,0
2945,0,0
2946,1,1
2947,1,1
2948,1,0
2949,0,0
2950,0,0
2951,1,0
2952,1,1
2953,0,0
2954,1,0
2955,1,0
2956,1,1
2957,1,1
2958,1,0
2959,1,0
2960,0,0
2961,0,1
2962,1,0
2963,1,1
2964,1,0
2965,1,0
2966,0,0
2967,0,0
2968,0,0
2969,1,1
2970,1,0
2971,1,1
2972,0,0
2973,1,1
2974,0,0
2975,1,0
2976,0,0
2977,1,1
2978,0,1
2979,0,0
2980,1,1
2981,1,1
2982,1,0
2983,1,1
2984,1,1
2985,1,0
2986,1,1
2987,1,1
2988,1,0
2989,1,1
2990,0,0
2991,1,1
2992,1,0
2993,1,0
2994,0,1
2995,1,0
2996,0,0
2997,0,0
2998,1,0
2999,1,1
3000,1,0
3001,1,0
3002,1,1
3003,1,1
3004,1,1
3005,1,0
3006,1,1
3007,1,1
3008,1,1
3009,1,1
3010,0,0
3011,1,0
3012,1,0
3013,1,0
3014,1,0
3015,0,1
3016,1,0
3017,0,1
3018,0,0
3019,0,0
3020,0,0
3021,1,1
3022,1,0
3023,1,1
3024,0,0
3025,0,0
3026,1,1
3027,0,0
3028,1,0
3029,0,1
3030,0,0
3031,1,0
3032,1,1
3033,1,0
3034,0,1
3035,0,0
3036,0,0
3037,1,0
3038,1,0
3039,1,1
3040,1,1
3041,0,0
3042,0,0
3043,0,0
3044,1,0
3045,1,0
3046,1,1
3047,1,0
3048,0,0
3049,0,1
3050,0,0
3051,1,1
3052,1,0
3053,0,0
3054,0,0
3055,0,0
3056,0,0
3057,0,0
3058,1,1
3059,0,0
3060,0,1
3061,0,0
3062,1,1
3063,0,0
3064,0,0
3065,1,1
3066,1,1
3067,0,1
3068,0,0
3069,1,1
3070,1,0
3071,0,0
3072,1,1
3073,1,0
3074,1,1
3075,1,0
3076,0,0
3077,1,1
3078,0,0
3079,1,0
3080,1,0
3081,0,0
3082,0,1
3083,1,1
3084,1,0
3085,1,0
3086,1,0
3087,1,0
3088,1,1
3089,1,0
3090,1,1
3091,1,0
3092,1,1
3093,1,1
3094,1,1
3095,1,0
3096,1,0
3097,1,1
3098,1,0
3099,0,1
3100,1,0
3101,1,0
3102,1,1
3103,0,0
3104,1,1
3105,0,1
3106,1,1
3107,1,1
3108,1,1
3109,0,1
3110,1,1
3111,1,0
3112,0,1
3113,0,0
3114,1,1
3115,1,0
3116,1,1
3117,1,1
3118,1,0
3119,0,0
3120,1,1
3121,1,1
3122,0,0
3123,1,0
3124,0,0
3125,0,1
3126,0,1
3127,1,0
3128,1,0
3129,0,0
3130,1,1
3131,1,1
3132,0,1
3133,1,1
3134,0,1
3135,1,1
3136,0,1
3137,0,1
3138,1,1
3139,1,1
3140,1,1
3141,1,0
3142,0,0
3143,1,0
3144,1,1
3145,0,0
3146,0,1
3147,1,1
3148,0,1
3149,0,1
3150,1,0
3151,1,1
3152,0,1
3153,0,1
3154,0,0
3155,1,1
3156,0,0
3157,1,0
3158,1,1
3159,1,0
3160,0,0
3161,1,0
3162,1,0
3163,1,0
3164,0,1
3165,1,0
3166,1,1
3167,1,0
3168,0,0
3169,0,0
3170,1,1
3171,0,0
3172,1,1
3173,0,0
3174,1,0
3175,1,1
3176,0,1
3177,0,0
3178,0,1
3179,0,1
3180,1,0
3181,0,1
3182,1,0
3183,0,0
3184,1,1
3185,1,0
3186,1,0
3187,1,0
3188,1,0
3189,0,1
3190,1,1
3191,0,1
3192,0,1
3193,0,1
3194,1,0
3195,1,1
3196,0,0
3197,1,0
3198,1,0
3199,0,0
3200,0,0
3201,1,0
3202,1,0
3203,1,0
3204,1,1
3205,1,1
3206,1,1
3207,1,1
3208,1,1
3209,1,0
3210,1,0
3211,0,1
3212,1,1
3213,1,0
3214,1,1
3215,0,1
3216,0,1
3217,1,0
3218,0,0
3219,1,1
3220,1,0
3221,1,1
3222,1,0
3223,0,1
3224,0,1
3225,0,0
3226,1,0
3227,1,1
3228,1,1
3229,1,0
3230,0,1
3231,1,0
3232,1,0
3233,1,0
3234,0,0
3235,1,1
3236,1,0
3237,1,0
3238,1,0
3239,0,1
3240,1,1
3241,1,0
3242,0,0
3243,1,1
3244,1,1
3245,0,1
3246,0,1
3247,1,0
3248,1,0
3249,1,1
3250,0,0
3251,1,0
3252,1,1
3253,1,0
3254,1,0
3255,1,0
3256,0,1
3257,0,1
3258,0,0
3259,1,1
3260,1,0
3261,1,0
3262,1,0
3263,1,1
3264,0,0
3265,1,0
3266,1,0
3267,0,0
3268,1,0
3269,1,1
3270,1,1
3271,1,1
3272,0,0
3273,1,1
3274,1,1
3275,1,1
3276,0,0
3277,1,1
3278,0,0
3279,1,1
3280,0,1
3281,1,1
3282,1,0
3283,1,1
3284,0,1
3285,1,0
3286,0,0
3287,1,1
3288,1,1
3289,0,0
3290,0,1
3291,0,1
3292,0,1
3293,0,0
3294,1,0
3295,1,1
3296,0,0
3297,1,1
3298,1,0
3299,1,1
3300,0,0
3301,0,1
3302,0,0
3303,0,1
3304,1,0
3305,1,1
3306,1,0
3307,1,1
3308,0,0
3309,0,0
3310,1,1
3311,1,0
3312,1,1
3313,1,1
3314,1,0
3315,1,0
3316,1,1
3317,1,0
3318,1,0
3319,0,0
3320,1,0
3321,1,0
3322,1,1
3323,0,1
3324,0,0
3325,1,0
3326,1,0
3327,1,1
3328,1,0
3329,0,1
3330,1,1
3331,0,0
3332,1,0
3333,1,0
3334,0,0
3335,0,1
3336,0,0
3337,0,1
3338,1,0
3339,1,0
3340,0,1
3341,0,0
3342,1,0
3343,1,0
3344,1,1
3345,0,1
3346,0,0
3347,1,0
3348,0,0
3349,0,0
3350,1,1
3351,1,1
3352,0,1
3353,1,0
3354,0,1
3355,1,1
3356,1,1
3357,1,1
3358,0,0
3359,1,1
3360,1,1
3361,1,0
3362,0,1
3363,0,0
3364,1,1
3365,0,0
3366,0,1
3367,0,1
3368,1,0
3369,1,0
3370,0,0
3371,1,0
3372,0,0
3373,0,0
3374,1,1
3375,1,1
3376,0,0
3377,1,0
3378,1,0
3379,0,0
3380,1,1
3381,1,0
3382,1,0
3383,0,1
3384,1,1
3385,1,0
3386,1,0
3387,1,1
3388,0,1
3389,1,0
3390,1,0
3391,0,0
3392,1,1
3393,0,0
3394,1,1
3395,1,1
3396,1,0
3397,0,0
3398,0,1
3399,1,0
3400,0,0
3401,1,0
3402,1,1
3403,1,0
3404,0,1
3405,1,1
3406,1,0
3407,0,0
3408,1,0
3409,1,0
3410,0,0
3411,0,0
3412,0,0
3413,1,1
3414,0,0
3415,1,1
3416,0,0
3417,0,0
3418,1,1
3419,1,0
3420,1,0
3421,0,0
3422,1,0
3423,0,0
3424,0,0
3425,0,0
3426,1,1
3427,1,1
3428,0,1
3429,0,0
3430,1,0
3431,1,0
3432,1,0
3433,1,0
3434,0,0
3435,1,1
3436,1,1
3437,1,1
3438,1,1
3439,1,1
3440,0,1
3441,1,0
3442,1,0
3443,1,1
3444,1,0
3445,0,0
3446,1,0
3447,1,1
3448,1,0
3449,1,0
3450,1,1
3451,0,0
3452,1,0
3453,0,1
3454,1,1
3455,0,0
3456,0,1
3457,0,0
3458,0,0
3459,1,1
3460,0,1
3461,0,1
3462,1,1
3463,0,0
3464,0,0
3465,1,1
3466,1,0
3467,1,0
3468,1,0
3469,1,0
3470,0,0
3471,1,0
3472,1,1
3473,1,0
3474,0,1
3475,1,1
3476,1,0
3477,1,0
3478,1,0
3479,0,0
3480,1,0
3481,0,0
3482,0,0
3483,0,0
3484,0,0
3485,0,1
3486,1,1
3487,1,1
3488,0,1
3489,0,1
3490,0,1
3491,1,1
3492,0,0
3493,0,1
3494,0,0
3495,1,0
3496,1,1
3497,1,1
3498,0,0
3499,1,1
3500,0,0
3501,1,1
3502,0,1
3503,0,0
3504,1,1
3505,1,1
3506,0,0
3507,1,0
3508,1,1
3509,1,1
3510,0,1
3511,1,0
3512,1,0
3513,1,0
3514,1,0
3515,0,0
3516,1,1
3517,0,0
3518,1,0
3519,1,1
3520,0,0
3521,1,0
3522,1,0
3523,1,0
3524,1,1
3525,0,0
3526,1,0
3527,1,0
3528,0,1
3529,1,1
3530,1,0
3531,1,0
3532,0,1
3533,1,1
3534,0,1
3535,1,0
3536,1,1
3537,1,1
3538,0,0
3539,0,0
3540,0,1
3541,1,0
3542,1,0
3543,1,0
3544,0,0
3545,0,1
3546,1,1
3547,0,1
3548,0,0
3549,1,1
3550,1,0
3551,1,0
3552,0,1
3553,0,0
3554,0,0
3555,1,0
3556,0,1
3557,0,0
3558,1,0
3559,1,0
3560,1,0
3561,0,0
3562,1,0
3563,1,1
3564,1,0
3565,0,0
3566,0,0
3567,0,0
3568,1,1
3569,1,1
3570,1,0
3571,0,0
3572,1,1
3573,0,0
3574,1,0
3575,1,0
3576,0,0
3577,1,1
3578,0,1
3579,0,1
3580,1,1
3581,0,0
3582,1,0
3583,0,1
3584,1,1
3585,0,0
3586,1,1
3587,1,0
3588,1,0
3589,0,1
3590,1,0
3591,0,0
3592,0,1
3593,1,0
3594,1,0
3595,1,1
3596,1,0
3597,1,1
3598,1,0
3599,1,1
3600,1,0
3601,1,1
3602,1,1
3603,0,0
3604,1,1
3605,0,0
3606,0,0
3607,0,0
3608,1,0
3609,0,1
3610,0,0
3611,1,0
3612,1,1
3613,0,0
3614,1,1
3615,1,1
3616,1,1
3617,1,0
3618,0,0
3619,1,1
3620,1,1
3621,0,1
3622,1,1
3623,1,0
3624,1,0
3625,1,0
3626,0,0
3627,1,1
3628,1,1
3629,1,0
3630,1,0
3631,0,0
3632,1,0
3633,0,1
3634,1,1
3635,1,0
3636,0,1
3637,0,0
3638,0,0
3639,1,0
3640,0,0
3641,1,0
3642,1,1
3643,0,1
3644,1,0
3645,0,1
3646,0,1
3647,0,0
3648,0,0
3649,0,0
3650,0,0
3651,0,0
3652,1,1
3653,1,0
3654,1,1
3655,1,0
3656,1,0
3657,1,0
3658,1,1
3659,1,1
3660,1,1
3661,1,1
3662,1,0
3663,1,0
3664,1,1
3665,0,0
3666,0,1
3667,0,0
3668,1,1
3669,1,1
3670,1,0
3671,1,0
3672,0,0
3673,0,0
3674,1,0
3675,0,0
3676,1,1
3677,0,0
3678,1,0
3679,1,1
3680,0,0
3681,0,1
3682,0,0
3683,0,1
3684,1,0
3685,1,0
3686,1,1
3687,0,1
3688,0,1
3689,0,0
3690,0,1
3691,1,0
3692,1,0
3693,0,0
3694,0,0
3695,1,1
3696,1,0
3697,1,1
3698,0,1
3699,1,1
3700,0,0
3701,0,0
3702,0,0
3703,1,0
3704,0,0
3705,0,0
3706,1,1
3707,1,1
3708,0,0
3709,1,0
3710,0,0
3711,0,1
3712,1,0
3713,0,0
3714,0,0
3715,0,0
3716,1,0
3717,1,0
3718,1,0
3719,0,0
3720,1,0
3721,1,0
3722,1,0
3723,1,0
3724,1,0
3725,0,0
3726,1,0
3727,1,1
3728,1,0
3729,1,0
3730,1,0
3731,1,0
3732,1,0
3733,1,0
3734,1,0
3735,1,1
3736,1,1
3737,0,0
3738,0,0
3739,1,0
3740,1,0
3741,1,1
3742,1,1
3743,1,0
3744,1,0
3745,0,1
3746,1,1
3747,1,0
3748,1,1
3749,1,0
3750,1,0
3751,1,1
3752,1,0
3753,0,0
3754,1,1
3755,0,0
3756,1,0
3757,0,0
3758,0,0
3759,0,1
3760,1,0
3761,0,0
3762,1,1
3763,1,0
3764,1,1
3765,0,1
3766,1,0
3767,0,0
3768,1,0
3769,1,1
3770,1,1
3771,1,0
3772,1,1
3773,1,1
3774,0,0
3775,1,0
3776,0,1
3777,1,0
3778,0,0
3779,1,0
3780,1,0
3781,0,0
3782,1,1
3783,1,0
3784,1,0
3785,0,0
3786,0,0
3787,1,0
3788,0,1
3789,1,1
3790,0,0
3791,1,1
3792,1,1
3793,1,1
3794,1,0
3795,1,1
3796,0,1
3797,1,0
3798,1,1
3799,0,0
3800,1,1
3801,1,1
3802,1,0
3803,1,0
3804,1,1
3805,1,1
3806,1,0
3807,0,1
3808,1,0
3809,1,0
3810,1,0
3811,0,0
3812,1,0
3813,1,0
3814,1,0
3815,1,0
3816,1,0
3817,0,1
3818,1,0
3819,1,0
3820,1,0
3821,1,1
3822,0,0
3823,0,0
3824,0,0
3825,1,0
3826,1,1
3827,1,1
3828,0,0
3829,1,0
3830,0,1
3831,0,0
3832,1,0
3833,0,0
3834,1,0
3835,1,0
3836,1,1
3837,0,0
3838,0,0
3839,0,1
3840,0,0
3841,1,0
3842,0,0
3843,0,0
3844,1,1
3845,1,1
3846,1,0
3847,0,1
3848,1,0
3849,0,0
3850,0,0
3851,1,0
3852,1,1
3853,1,0
3854,0,0
3855,1,1
3856,0,0
3857,1,0
3858,1,0
3859,1,1
3860,0,0
3861,0,0
3862,1,1
3863,1,1
3864,0,0
3865,0,0
3866,1,0
3867,1,0
3868,1,1
3869,0,0
3870,0,0
3871,0,0
3872,0,0
3873,1,0
3874,1,0
3875,1,0
3876,1,1
3877,0,0
3878,1,0
3879,1,0
3880,0,0
3881,1,0
3882,1,1
3883,1,1
3884,0,0
3885,1,0
3886,1,0
3887,1,0
3888,0,0
3889,0,1
3890,1,1
3891,0,0
3892,1,0
3893,1,0
3894,1,0
3895,1,0
3896,0,0
3897,1,1
3898,1,1
3899,1,0
3900,1,0
3901,0,0
3902,1,0
3903,1,0
3904,0,1
3905,1,1
3906,1,1
3907,1,0
3908,0,1
3909,1,1
3910,0,1
3911,0,0
3912,1,0
3913,1,0
3914,0,0
3915,1,1
3916,1,0
3917,0,0
3918,1,0
3919,0,1
3920,0,1
3921,1,1
3922,1,1
3923,1,1
3924,1,0
3925,0,0
3926,0,0
3927,1,1
3928,0,0
3929,1,0
3930,1,0
3931,1,0
3932,0,0
3933,1,1
3934,1,0
3935,0,1
3936,1,0
3937,1,1
3938,0,1
3939,1,0
3940,1,0
3941,1,1
3942,1,0
3943,0,0
3944,1,1
3945,0,0
3946,1,1
3947,0,0
3948,0,1
3949,1,0
3950,1,1
3951,0,0
3952,0,0
3953,1,1
3954,1,1
3955,1,0
3956,1,1
3957,1,1
3958,1,0
3959,1,0
3960,1,0
3961,1,0
3962,0,0
3963,1,0
3964,1,0
3965,0,0
3966,1,1
3967,1,1
3968,1,0
3969,1,0
3970,1,0
3971,0,0
3972,1,0
3973,1,1
3974,1,0
3975,1,0
3976,0,1
3977,0,1
3978,0,1
3979,1,0
3980,1,1
3981,1,0
3982,1,1
3983,0,0
3984,0,0
3985,1,0
3986,0,1
3987,0,0
3988,0,1
3989,1,1
3990,1,0
3991,0,1
3992,1,0
3993,0,1
3994,1,1
3995,0,0
3996,0,0
3997,0,0
3998,1,0
3999,0,0
4000,1,0
4001,1,1
4002,1,1
4003,0,1
4004,1,0
4005,1,1
4006,0,0
4007,1,1
4008,0,0
4009,1,1
4010,1,1
4011,1,1
4012,1,0
4013,1,0
4014,1,0
4015,1,1
4016,0,0
4017,0,1
4018,0,0
4019,0,0
4020,1,1
4021,1,0
4022,1,0
4023,0,0
4024,0,0
4025,1,0
4026,0,0
4027,0,0
4028,0,0
4029,0,1
4030,1,0
4031,1,1
4032,1,0
4033,1,0
4034,1,1
4035,1,1
4036,1,0
4037,0,1
4038,1,1
4039,0,1
4040,0,0
4041,1,1
4042,0,0
4043,1,1
4044,0,0
4045,0,0
4046,1,0
4047,1,0
4048,0,1
4049,1,0
4050,1,1
4051,0,0
4052,1,1
4053,0,0
4054,1,1
4055,1,1
4056,0,0
4057,0,1
4058,0,1
4059,0,0
4060,0,1
4061,0,0
4062,1,1
4063,1,1
4064,1,0
4065,1,0
4066,1,0
4067,1,0
4068,0,0
4069,0,0
4070,1,0
4071,1,0
4072,0,0
4073,1,0
4074,1,1
4075,1,0
4076,1,0
4077,0,1
4078,1,1
4079,1,0
4080,1,1
4081,1,1
4082,1,1
4083,0,0
4084,1,1
4085,0,1
4086,1,0
4087,1,0
4088,1,1
4089,1,1
4090,0,0
4091,1,1
4092,0,0
4093,1,1
4094,1,0
4095,1,1
4096,1,1
4097,1,0
4098,1,1
4099,1,0
4100,0,0
4101,0,0
4102,1,1
4103,0,0
4104,1,0
4105,1,0
4106,1,1
4107,0,0
4108,0,0
4109,1,0
4110,0,0
4111,1,0
4112,0,0
4113,0,1
4114,1,0
4115,0,1
4116,1,0
4117,0,1
4118,0,1
4119,0,0
4120,1,0
4121,1,1
4122,0,1
4123,0,0
4124,0,1
4125,1,1
4126,1,0
4127,0,0
4128,0,0
4129,1,1
4130,1,1
4131,1,1
4132,0,0
4133,1,1
4134,1,0
4135,1,0
4136,0,1
4137,0,1
4138,1,0
4139,0,0
4140,0,0
4141,1,1
4142,0,0
4143,1,0
4144,0,1
4145,1,1
4146,0,1
4147,1,0
4148,0,0
4149,1,0
4150,1,1
4151,1,1
4152,0,1
4153,1,1
4154,1,0
4155,0,1
4156,0,0
4157,1,0
4158,1,1
4159,0,1
4160,1,0
4161,0,0
4162,0,1
4163,0,1
4164,0,0
4165,1,0
4166,1,1
4167,1,1
4168,0,0
4169,0,0
4170,1,1
4171,1,0
4172,1,1
4173,1,1
4174,1,0
4175,1,1
4176,1,0
4177,1,1
4178,1,0
4179,1,0
4180,1,0
4181,0,0
4182,0,0
4183,1,1
4184,1,1
4185,1,1
4186,1,0
4187,0,1
4188,1,1
4189,0,0
4190,1,1
4191,0,0
4192,0,1
4193,0,0
4194,0,0
4195,1,1
4196,1,1
4197,1,0
4198,1,1
4199,1,1
4200,1,0
4201,1,1
4202,1,0
4203,1,1
4204,0,0
4205,1,0
4206,1,0
4207,1,0
4208,0,0
4209,1,0
4210,1,1
4211,1,1
4212,0,1
4213,1,1
4214,1,0
4215,1,0
4216,0,0
4217,1,0
4218,0,0
4219,1,0
4220,1,1
4221,1,0
4222,1,0
4223,1,0
4224,0,1
4225,1,1
4226,1,0
4227,0,0
4228,1,1
4229,1,0
4230,1,0
4231,0,0
4232,1,0
4233,0,1
4234,1,1
4235,1,1
4236,1,0
4237,0,0
4238,1,0
4239,0,0
4240,0,0
4241,1,1
4242,0,0
4243,1,0
4244,1,0
4245,1,0
4246,0,1
4247,1,1
4248,0,1
4249,0,0
4250,0,0
4251,0,0
4252,1,0
4253,1,0
4254,1,0
4255,0,0
4256,0,0
4257,1,0
4258,1,0
4259,1,0
4260,1,0
4261,1,0
4262,1,0
4263,0,1
4264,0,1
4265,1,0
4266,1,0
4267,1,0
4268,1,0
4269,1,0
4270,1,0
4271,1,0
4272,1,1
4273,1,0
4274,0,1
4275,0,1
4276,0,1
4277,0,0
4278,1,0
4279,0,1
4280,1,0
4281,0,0
4282,1,0
4283,0,0
4284,0,0
4285,0,0
4286,1,1
4287,1,0
4288,1,0
4289,0,0
4290,0,0
4291,1,0
4292,1,0
4293,1,0
4294,1,0
4295,1,0
4296,1,0
4297,1,0
4298,0,1
4299,1,0
4300,1,0
4301,1,0
4302,0,0
4303,1,0
4304,1,0
4305,0,0
4306,0,0
4307,1,0
4308,1,0
4309,1,0
4310,1,0
4311,1,0
4312,1,1
4313,0,0
4314,0,0
4315,1,1
4316,1,1
4317,1,0
4318,0,0
4319,1,1
4320,0,0
4321,0,1
4322,0,0
4323,0,1
4324,1,0
4325,1,0
4326,0,0
4327,1,1
4328,0,1
4329,0,0
4330,1,1
4331,1,0
4332,0,1
4333,0,0
4334,1,0
4335,1,0
4336,0,0
4337,1,0
4338,1,0
4339,0,0
4340,1,0
4341,0,0
4342,1,0
4343,1,0
4344,1,0
4345,0,0
4346,1,0
4347,0,0
4348,1,0
4349,1,1
4350,1,0
4351,0,1
4352,1,0
4353,1,0
4354,0,1
4355,1,0
4356,1,0
4357,1,1
4358,1,0
4359,0,1
4360,1,1
4361,1,1
4362,0,0
4363,1,1
4364,1,0
4365,1,1
4366,1,1
4367,1,0
4368,0,0
4369,1,1
4370,1,0
4371,1,1
4372,1,1
4373,1,1
4374,1,1
4375,1,0
4376,1,1
4377,1,0
4378,1,0
4379,1,0
4380,0,0
4381,0,0
4382,1,0
4383,1,1
4384,1,1
4385,0,1
4386,1,1
4387,1,0
4388,1,1
4389,0,1
4390,1,0
4391,1,0
4392,0,0
4393,0,0
4394,1,1
4395,1,1
4396,1,0
4397,1,0
4398,1,0
4399,1,0
4400,1,0
4401,1,0
4402,1,1
4403,0,0
4404,1,0
4405,1,0
4406,0,1
4407,1,1
4408,1,0
4409,1,1
4410,0,0
4411,1,0
4412,0,0
4413,1,1
4414,0,1
4415,0,0
4416,1,1
4417,1,0
4418,1,0
4419,1,1
4420,1,0
4421,0,0
4422,1,0
4423,0,0
4424,1,0
4425,1,0
4426,1,1
4427,1,0
4428,1,0
4429,0,1
4430,1,0
4431,1,0
4432,1,0
4433,1,1
4434,1,0
4435,0,1
4436,1,0
4437,1,1
4438,1,0
4439,1,0
4440,0,0
4441,1,1
4442,1,0
4443,1,0
4444,1,0
4445,0,0
4446,0,0
4447,1,0
4448,1,0
4449,1,1
4450,1,0
4451,1,0
4452,0,1
4453,1,0
4454,0,0
4455,1,0
4456,0,0
4457,1,0
4458,0,1
4459,1,1
4460,0,1
4461,1,1
4462,1,1
4463,1,1
4464,0,0
4465,1,0
4466,0,1
4467,1,0
4468,0,0
4469,0,0
4470,0,0
4471,1,1
4472,1,0
4473,0,1
4474,1,0
4475,1,0
4476,0,0
4477,0,0
4478,1,0
4479,1,0
4480,1,0
4481,1,1
4482,1,0
4483,0,0
4484,1,0
4485,1,0
4486,0,0
4487,0,1
4488,1,0
4489,1,0
4490,0,1
4491,0,1
4492,0,0
4493,1,0
4494,0,0
4495,1,0
4496,0,1
4497,0,1
4498,0,0
4499,0,1
4500,1,0
4501,1,0
4502,0,0
4503,1,1
4504,1,0
4505,0,1
4506,1,0
4507,1,1
4508,1,0
4509,1,0
4510,1,1
4511,1,0
4512,0,0
4513,0,0
4514,1,0
4515,1,0
4516,1,1
4517,1,1
4518,1,1
4519,1,0
4520,0,0
4521,0,1
4522,1,0
4523,1,0
4524,1,1
4525,0,0
4526,0,0
4527,1,1
4528,1,1
4529,1,0
4530,0,1
4531,0,0
4532,0,0
4533,1,0
4534,1,1
4535,1,1
4536,0,1
4537,0,0
4538,1,0
4539,1,1
4540,0,0
4541,1,0
4542,0,0
4543,1,0
4544,0,1
4545,1,0
4546,0,0
4547,1,0
4548,1,1
4549,0,0
4550,0,1
4551,1,1
4552,1,0
4553,1,0
4554,0,1
4555,0,0
4556,1,0
4557,1,1
4558,1,0
4559,1,1
4560,1,0
4561,1,1
4562,0,0
4563,1,0
4564,0,0
4565,0,0
4566,1,1
4567,1,0
4568,1,0
4569,1,1
4570,1,1
4571,0,0
4572,0,1
4573,1,0
4574,0,1
4575,1,1
4576,0,1
4577,0,0
4578,1,0
4579,0,1
4580,0,0
4581,1,1
4582,0,1
4583,1,0
4584,1,0
4585,1,1
4586,0,0
4587,1,0
4588,0,0
4589,1,0
4590,0,0
4591,1,1
4592,0,1
4593,0,0
4594,0,0
4595,1,0
4596,1,1
4597,1,0
4598,0,0
4599,1,0
4600,0,1
4601,1,0
4602,1,0
4603,1,0
4604,0,0
4605,1,0
4606,1,0
4607,1,0
4608,0,1
4609,1,0
4610,1,1
4611,1,0
4612,1,0
4613,1,0
4614,1,1
4615,1,0
4616,0,1
4617,0,0
4618,0,0
4619,1,1
4620,1,0
4621,1,0
4622,0,1
4623,1,0
4624,1,0
4625,1,0
4626,0,0
4627,1,0
4628,0,0
4629,1,0
4630,1,1
4631,0,1
4632,0,1
4633,1,0
4634,1,1
4635,1,0
4636,0,1
4637,1,0
4638,1,0
4639,1,1
4640,0,0
4641,1,1
4642,1,0
4643,1,0
4644,0,0
4645,1,1
4646,1,0
4647,0,1
4648,1,0
4649,0,0
4650,1,0
4651,0,0
4652,1,1
4653,0,0
4654,1,0
4655,0,0
4656,1,0
4657,1,1
4658,1,0
4659,1,1
4660,1,0
4661,0,0
4662,1,1
4663,1,0
4664,0,0
4665,0,1
4666,1,0
4667,1,0
4668,1,0
4669,1,0
4670,1,0
4671,1,1
4672,0,1
4673,1,0
4674,1,0
4675,1,0
4676,0,0
4677,0,0
4678,1,0
4679,1,0
4680,1,1
4681,1,0
4682,1,0
4683,0,0
4684,1,1
4685,1,0
4686,1,1
4687,0,0
4688,0,0
4689,0,1
4690,1,1
4691,1,0
4692,0,1
4693,1,0
4694,1,1
4695,1,0
4696,1,0
4697,0,1
4698,1,1
4699,0,0
4700,1,0
4701,0,1
4702,0,0
4703,0,1
4704,1,0
4705,1,0
4706,0,1
4707,1,0
4708,0,0
4709,1,0
4710,0,0
4711,1,1
4712,0,0
4713,1,0
4714,1,1
4715,0,0
4716,1,0
4717,1,0
4718,0,0
4719,0,0
4720,1,1
4721,1,1
4722,1,0
4723,1,1
4724,0,0
4725,1,0
4726,0,1
4727,0,0
4728,1,0
4729,0,0
4730,1,1
4731,0,0
4732,1,0
4733,1,0
4734,1,0
4735,1,0
4736,0,0
4737,0,0
4738,0,1
4739,0,0
4740,1,0
4741,1,0
4742,1,0
4743,0,0
4744,1,0
4745,1,0
4746,0,0
4747,0,0
4748,1,1
4749,0,1
4750,0,0
4751,0,0
4752,1,0
4753,0,1
4754,1,1
4755,1,1
4756,0,1
4757,0,0
4758,1,0
4759,1,0
4760,0,0
4761,1,0
4762,0,0
4763,0,0
4764,1,1
4765,1,0
4766,0,1
4767,0,0
4768,0,0
4769,0,1
4770,0,0
4771,0,0
4772,0,0
4773,1,0
4774,1,1
4775,0,0
4776,1,0
4777,0,0
4778,1,1
4779,1,0
4780,1,1
4781,0,0
4782,0,0
4783,1,0
4784,1,0
4785,0,0
4786,0,1
4787,1,0
4788,1,0
4789,1,0
4790,1,0
4791,1,0
4792,1,0
4793,1,0
4794,1,1
4795,0,0
4796,0,0
4797,1,0
4798,1,0
4799,1,1
4800,0,1
4801,0,0
4802,0,0
4803,1,0
4804,1,0
4806,1,0
4807,1,0
4808,1,0
4809,0,0
4810,1,1
4811,1,0
4812,1,0
4813,1,0
4814,1,1
4815,0,1
4816,1,0
4817,0,1
4818,1,0
4819,0,1
4820,0,0
4821,0,0
4822,0,1
4823,1,1
4824,0,1
4825,1,0
4826,0,1
4827,0,1
4828,0,0
4829,0,0
4830,0,0
4831,0,1
4832,0,0
4833,1,0
4834,1,0
4835,0,1
4836,0,1
4837,0,0
4838,1,1
4839,0,0
4840,1,0
4841,1,0
4842,1,0
4843,1,0
4844,1,0
4845,0,1
4846,0,0
4847,1,0
4848,1,0
4849,1,0
4850,1,0
4851,0,1
4852,1,1
4853,1,0
4854,1,1
4855,1,0
4856,1,0
4857,0,1
4858,1,0
4859,1,0
4860,1,0
4861,1,0
4862,0,1
4863,0,1
4864,1,0
4865,1,1
4866,0,1
4867,0,0
4868,0,0
4869,1,0
4870,1,0
4871,1,1
4872,1,1
4873,0,1
4874,1,0
4875,0,0
4876,1,0
4877,0,0
4878,0,1
4879,0,0
4880,0,0
4881,1,1
4882,0,0
4883,0,0
4884,1,0
4885,1,0
4886,1,0
4887,1,1
4888,0,0
4889,1,1
4890,1,0
4891,1,0
4892,1,1
4893,1,1
4894,1,1
4895,0,1
4896,1,1
4897,0,0
4898,1,0
4899,1,0
4900,1,0
4901,1,0
4902,1,1
4903,1,0
4904,0,0
4905,1,0
4906,1,0
4907,0,0
4908,0,0
4909,1,0
4910,0,0
4911,1,1
4912,0,0
4913,0,0
4914,0,0
4915,1,0
4916,0,1
4917,1,1
4918,0,0
4919,1,0
4920,1,0
4921,1,1
4922,0,1
4923,1,0
4924,1,1
4925,1,0
4926,0,0
4927,0,0
4928,0,1
4929,1,0
4930,1,0
4931,1,0
4932,0,1
4933,1,0
4934,0,0
4935,0,1
4936,1,0
4937,1,0
4938,0,1
4939,0,1
4940,1,0
4941,1,0
4942,1,0
4943,0,1
4944,1,0
4945,0,0
4946,1,0
4947,1,0
4948,1,0
4949,1,0
4950,0,1
4951,1,0
4952,1,0
4953,0,0
4954,0,0
4955,0,1
4956,1,1
4957,1,0
4958,1,0
4959,0,1
4960,0,0
4961,1,0
4962,1,1
4963,1,1
4964,0,0
4965,1,0
4966,1,1
4967,1,0
4968,0,0
4969,1,0
4970,1,0
4971,1,0
4972,1,1
4973,0,1
4974,1,0
4975,0,0
4976,1,0
4977,0,1
4978,1,0
4979,0,1
4980,1,1
4981,1,1
4982,1,0
4983,1,0
4984,1,1
4985,1,0
4986,1,0
4987,1,0
4989,0,0
4990,1,0
4991,0,0
4992,1,1
4993,0,0
4994,1,1
4995,0,0
4996,1,0
4997,1,0
4998,0,0
4999,1,1
5000,0,0
5001,0,0
5002,1,0
5003,1,0
5004,0,0
5005,0,0
5006,1,0
5007,0,0
5008,1,0
5009,1,0
5010,0,0
5011,1,0
5012,1,0
5013,0,1
5014,1,0
5015,0,0
5016,0,0
5017,1,0
5018,1,1
5019,1,1
5020,0,1
5021,0,0
5022,1,0
5023,1,1
5024,1,1
5025,1,0
5026,1,0
5027,0,1
5028,0,0
5029,1,0
5030,0,0
5031,1,0
5032,1,0
5033,1,1
5034,1,0
5035,0,0
5036,1,1
5037,0,1
5038,1,0
5039,0,0
5040,0,1
5041,1,1
5042,1,1
5043,1,0
5044,1,0
5045,0,1
5046,0,0
5047,1,1
5048,1,1
5049,1,0
5050,1,1
5051,1,1
5052,0,0
5053,1,1
5054,1,0
5055,1,1
5056,1,0
5057,1,1
5058,0,1
5059,1,0
5060,0,1
5061,1,1
5062,1,1
5063,0,1
5064,1,0
5065,1,0
5066,1,1
5067,0,1
5069,1,1
5070,1,0
5071,0,1
5072,1,0
5073,1,0
5074,1,0
5075,1,0
5077,1,1
5078,1,0
5079,0,0
5080,1,0
5081,1,1
5082,0,1
5083,1,0
5084,1,0
5085,1,0
5086,0,0
5087,1,1
5088,0,0
5089,1,1
5090,1,1
5091,0,0
5092,0,0
5093,1,0
5094,0,0
5095,1,0
5096,1,0
5097,0,0
5098,1,0
5099,1,0
5100,0,0
5101,0,0
5102,0,0
5103,0,1
5104,0,0
5105,1,1
5106,1,0
5107,0,0
5108,0,0
5109,1,0
5110,1,0
5111,1,0
5112,1,1
5113,0,1
5114,1,0
5115,0,0
5116,0,0
5117,1,0
5118,1,0
5119,1,0
5120,0,1
5121,0,1
5122,0,0
5123,1,0
5124,1,0
5125,1,1
5126,1,0
5127,0,1
5128,1,1
5129,0,1
5130,1,0
5131,1,0
5132,0,0
5133,1,0
5134,1,0
5135,1,1
5136,1,0
5137,1,1
5138,1,0
5139,0,0
5140,1,1
5141,0,0
5142,1,0
5143,0,0
5144,0,0
5145,1,0
5146,1,0
5147,0,0
5148,1,0
5149,1,0
5150,0,1
5151,1,1
5152,1,1
5153,0,1
5154,1,0
5155,0,0
5156,1,0
5157,1,0
5158,1,0
5159,0,1
5160,1,1
5161,1,1
5162,1,1
5163,1,0
5164,0,0
5165,0,1
5166,1,0
5167,1,1
5168,1,0
5169,1,0
5170,1,1
5171,1,1
5172,1,1
5173,1,1
5174,0,0
5175,0,1
5176,0,1
5177,1,1
5178,0,1
5179,1,1
5180,1,0
5181,0,0
5182,1,0
5183,1,1
5184,0,0
5185,1,1
5186,1,0
5187,1,0
5188,1,0
5189,0,0
5190,1,0
5191,0,1
5192,1,1
5193,0,1
5194,1,1
5195,1,0
5196,0,0
5197,0,1
5198,0,0
5199,1,0
5200,1,0
5201,1,0
5202,1,0
5203,1,1
5204,1,0
5205,1,0
5206,0,1
5207,1,0
5208,0,1
5209,0,0
5210,1,0
5211,1,0
5212,0,1
5213,0,0
5214,0,0
5215,0,0
5216,1,0
5217,0,0
5218,0,1
5219,1,0
5220,1,0
5221,1,1
5222,1,0
5223,0,0
5224,1,1
5225,0,0
5226,1,0
5227,1,0
5228,1,0
5229,0,0
5230,1,0
5231,0,1
5232,0,0
5233,1,1
5234,0,0
5235,1,1
5236,0,1
5237,1,1
5238,1,0
5239,1,1
5240,1,0
5241,1,0
5242,1,0
5243,1,0
5244,1,1
5245,1,1
5246,1,0
5247,1,1
5248,0,1
5249,0,0
5250,1,0
5251,1,1
5252,1,1
5253,0,0
5254,1,0
5255,0,1
5256,1,1
5257,1,0
5258,1,0
5259,1,0
5260,0,0
5261,1,1
5262,0,1
5263,1,0
5264,0,0
5265,1,0
5266,1,1
5267,1,0
5268,1,0
5269,0,0
5270,1,0
5271,0,0
5272,1,0
5273,1,0
5274,1,0
5275,1,0
5276,0,1
5277,1,0
5278,0,0
5279,0,0
5280,1,1
5281,1,0
5282,1,0
5283,1,0
5284,1,0
5285,0,1
5286,0,0
5287,0,0
5288,0,1
5289,1,1
5290,1,0
5291,1,0
5292,0,1
5293,1,1
5294,0,0
5295,0,1
5296,0,1
5297,1,0
5298,1,0
5299,0,0
5300,1,1
5301,1,1
5302,0,1
5303,0,0
5304,1,1
5305,0,0
5306,0,0
5307,1,1
5308,0,0
5309,1,1
5310,0,1
5311,0,1
5312,1,0
5313,1,0
5314,1,0
5315,0,1
5316,1,1
5317,0,1
5318,1,1
5319,1,1
5320,1,1
5321,1,0
5322,1,0
5323,0,1
5324,1,1
5325,1,1
5326,0,0
5327,1,1
5328,1,1
5329,1,1
5330,0,0
5331,0,0
5332,0,1
5333,0,0
5334,0,1
5335,0,0
5336,0,0
5337,1,0
5338,0,0
5339,1,0
5340,0,1
5341,0,0
5342,0,0
5343,1,0
5344,1,1
5345,1,0
5346,1,1
5347,0,0
5348,1,0
5349,0,1
5350,0,0
5351,0,0
5352,1,0
5353,1,0
5354,0,1
5355,0,1
5356,1,0
5357,1,0
5358,1,0
5359,1,0
5360,1,0
5361,0,0
5362,0,0
5363,0,1
5364,1,0
5365,1,0
5366,1,0
5367,1,0
5368,0,1
5369,0,0
5370,0,0
5371,1,0
5372,1,0
5373,1,1
5374,0,0
5375,1,0
5376,1,0
5377,1,1
5378,1,0
5379,0,0
5380,0,1
5381,1,0
5382,1,1
5383,1,0
5384,1,0
5385,0,1
5386,0,0
5387,1,1
5388,1,0
5389,1,0
5390,0,1
5391,0,0
5392,1,1
5393,1,0
5394,1,0
5395,1,1
5396,1,0
5397,0,0
5398,0,0
5399,0,1
5400,1,1
5401,0,0
5402,0,0
5403,0,0
5404,0,0
5405,0,0
5406,1,1
5407,0,1
5408,0,1
5409,1,0
5410,0,0
5411,1,0
5412,0,0
5413,1,0
5414,1,0
5415,1,1
5416,0,0
5417,0,1
5418,1,0
5419,1,0
5420,1,1
5421,1,0
5422,0,1
5423,0,0
5424,1,1
5425,0,0
5426,0,0
5427,1,0
5428,1,1
5429,1,0
5430,0,0
5431,0,0
5432,1,0
5433,0,1
5434,0,1
5435,0,0
5436,1,1
5437,0,0
5438,0,0
5439,0,1
5440,1,0
5441,1,0
5442,1,1
5443,0,0
5444,1,1
5445,1,0
5446,1,0
5447,1,0
5448,1,0
5449,0,0
5450,1,0
5451,1,1
5452,1,0
5453,1,1
5454,1,0
5455,1,0
5456,1,0
5457,1,0
5458,0,0
5459,0,0
5460,1,1
5461,0,1
5462,1,0
5463,1,0
5464,0,0
5465,0,1
5466,1,0
5467,0,1
5468,1,1
5469,0,0
5470,0,1
5471,0,0
5472,1,0
5473,0,0
5474,1,1
5475,1,0
5476,1,0
5477,1,1
5478,1,1
5479,0,1
5480,0,0
5481,1,0
5482,0,0
5483,1,1
5484,0,1
5485,1,0
5486,0,0
5487,0,0
5488,1,1
5489,1,1
5490,1,0
5491,0,0
5492,1,1
5493,0,1
5494,0,0
5495,1,0
5496,1,1
5497,1,0
5498,0,1
5499,0,0
5500,0,0
5501,1,0
5502,0,0
5503,0,1
5504,1,1
5505,1,1
5506,1,1
5507,1,0
5508,1,0
5509,1,0
5510,1,1
5511,1,0
5512,0,1
5513,0,0
5514,1,0
5515,0,0
5516,1,0
5517,0,1
5518,0,0
5519,0,0
5520,1,0
5521,1,1
5522,1,0
5523,1,1
5524,0,0
5525,1,0
5526,0,0
5527,0,1
5528,1,0
5529,0,1
5530,1,1
5531,1,0
5532,1,0
5533,0,0
5534,1,0
5535,0,0
5536,0,1
5537,1,0
5538,1,1
5539,1,0
5540,0,1
5541,1,1
5542,0,0
5543,0,1
5544,1,0
5545,1,0
5546,0,1
5547,1,0
5548,0,0
5549,1,0
5550,0,0
5551,1,0
5552,0,1
5553,0,0
5554,1,0
5555,0,0
5556,1,1
5557,0,0
5558,0,1
5559,1,0
5560,1,0
5561,1,1
5562,1,0
5563,1,0
5564,1,0
5565,1,0
5566,1,0
5567,1,0
5568,1,0
5569,1,0
5570,0,1
5571,1,1
5572,0,0
5573,1,0
5574,0,1
5575,1,0
5576,0,0
5577,0,0
5578,0,0
5579,1,1
5580,1,1
5581,0,0
5582,1,0
5583,1,0
5584,1,0
5585,1,0
5586,0,0
5587,0,0
5588,1,1
5589,1,0
5590,0,1
5591,1,0
5592,1,0
5593,0,0
5594,0,1
5595,0,0
5596,1,1
5597,1,0
5598,0,1
5599,1,0
5600,0,0
5601,0,0
5602,1,0
5603,0,0
5604,1,1
5605,0,0
5606,0,0
5607,1,0
5608,1,0
5609,1,1
5610,0,0
5611,1,0
5612,1,1
5613,0,0
5614,0,1
5615,1,0
5616,1,0
5617,1,0
5618,0,0
5619,1,0
5620,0,0
5621,0,1
5622,0,0
5623,0,1
5624,0,0
5625,1,0
5626,0,0
5627,0,1
5628,0,0
5629,1,1
5630,1,0
5631,1,0
5632,0,0
5633,1,0
5634,1,0
5635,1,1
5636,1,0
5637,0,0
5638,0,0
5639,0,1
5640,0,1
5641,1,1
5642,1,0
5643,1,1
5644,1,0
5645,0,0
5646,1,0
5647,1,0
5648,0,1
5649,0,0
5650,1,0
5651,1,0
5652,1,0
5653,1,0
5654,0,0
5655,0,1
5656,1,1
5657,0,1
5658,0,0
5659,0,0
5660,1,0
5661,0,0
5662,0,1
5663,0,0
5664,0,0
5665,0,1
5666,0,0
5667,0,0
5668,1,0
5669,0,0
5670,1,0
5671,1,0
5672,1,0
5673,1,0
5674,1,0
5675,0,1
5676,0,1
5677,1,0
5678,1,0
5679,0,0
5680,1,1
5681,1,0
5682,0,1
5683,1,1
5684,1,0
5685,0,1
5686,1,0
5687,1,1
5688,0,0
5689,1,0
5690,0,1
5691,1,1
5692,1,0
5693,0,0
5694,1,0
5695,1,1
5696,1,0
5697,0,0
5698,0,0
5699,0,1
5700,1,1
5701,1,0
5702,0,1
5703,1,0
5704,1,1
5705,0,1
5706,0,1
5707,0,0
5708,0,0
5709,1,0
5710,0,0
5711,0,0
5712,1,0
5713,1,0
5714,0,0
5715,1,0
5716,1,1
5717,1,1
5718,1,1
5719,1,0
5720,1,0
5721,0,0
5722,0,1
5723,1,1
5724,0,1
5725,0,0
5726,0,0
5727,0,0
5728,1,0
5729,1,0
5730,1,0
5731,0,0
5732,0,1
5733,0,0
5734,0,1
5735,1,0
5736,0,0
5737,0,0
5738,1,0
5739,0,1
5740,1,1
5741,0,1
5742,1,0
5743,1,0
5744,1,0
5745,1,0
5746,0,0
5747,1,1
5748,1,0
5749,0,0
5750,1,1
5751,1,0
5752,1,0
5753,1,0
5754,0,0
5755,1,0
5756,1,0
5757,1,0
5758,0,0
5759,1,0
5760,1,0
5761,1,0
5762,1,1
5763,0,1
5764,0,1
5765,1,0
5766,1,1
5767,1,0
5768,0,1
5769,0,1
5770,1,0
5771,1,0
5772,1,0
5773,0,1
5774,1,0
5775,0,1
5776,1,0
5777,0,1
5778,1,1
5779,1,0
5780,1,0
5781,0,0
5782,0,0
5783,1,1
5784,1,1
5785,1,1
5786,0,1
5787,1,0
5788,1,0
5789,0,0
5790,1,0
5791,1,1
5792,1,0
5793,0,1
5794,0,0
5795,1,0
5796,1,0
5797,1,0
5798,0,0
5799,0,0
5800,1,0
5801,1,1
5802,0,0
5803,1,1
5804,1,0
5805,1,0
5806,1,0
5807,1,0
5808,1,0
5809,1,0
5810,0,1
5811,1,0
5812,1,0
5813,0,1
5814,1,0
5815,1,1
5816,0,1
5817,1,1
5818,1,0
5819,0,1
5820,0,0
5821,1,0
5822,0,0
5823,0,1
5824,0,1
5825,0,0
5826,1,1
5827,0,0
5828,0,0
5829,0,0
5830,1,1
5831,0,1
5832,0,0
5833,0,0
5834,0,1
5835,1,0
5836,1,0
5837,1,0
5838,1,1
5839,1,1
5840,1,1
5841,1,1
5842,0,0
5843,1,0
5844,1,0
5845,1,1
5846,1,1
5847,0,0
5848,1,1
5849,1,0
5850,1,1
5851,1,0
5852,1,0
5853,0,1
5854,1,0
5855,1,0
5856,0,0
5857,1,0
5858,1,0
5859,1,0
5860,0,0
5861,1,0
5862,1,0
5863,0,0
5864,1,0
5865,0,0
5866,1,0
5867,0,0
5868,1,1
5869,1,0
5870,1,0
5871,1,0
5872,1,0
5873,0,0
5874,1,0
5875,1,0
5876,0,1
5877,0,0
5878,1,0
5879,1,0
5880,1,0
5881,0,0
5882,1,0
5883,1,0
5884,1,1
5885,0,0
5886,1,0
5887,0,1
5888,1,1
5889,0,1
5890,1,1
5891,0,1
5892,1,1
5893,0,1
5894,1,1
5895,1,0
5896,1,0
5897,1,1
5898,1,1
5899,1,0
5900,0,0
5901,1,1
5902,1,0
5903,1,0
5904,1,0
5905,1,1
5906,1,1
5907,1,0
5908,1,0
5909,0,1
5910,1,0
5911,0,1
5912,0,1
5913,0,0
5914,1,0
5915,1,0
5916,1,1
5917,0,0
5918,1,1
5919,1,1
5920,1,0
5921,1,0
5922,1,0
5923,1,0
5924,1,1
5925,0,0
5926,1,1
5927,1,1
5928,1,1
5929,0,0
5930,1,0
5931,1,1
5932,1,1
5933,1,0
5934,0,1
5935,1,0
5936,1,1
5937,0,1
5938,1,0
5939,0,0
5940,0,0
5941,0,0
5942,1,1
5943,1,0
5944,0,1
5945,0,1
5946,1,0
5947,0,0
5948,0,0
5949,1,0
5950,1,1
5951,0,0
5952,1,0
5953,1,0
5954,1,0
5955,0,1
5956,1,0
5957,1,0
5958,0,1
5959,1,1
5960,1,0
5961,1,0
5962,1,0
5963,1,0
5964,1,1
5965,1,1
5966,0,1
5967,0,0
5968,1,0
5969,1,1
5970,0,1
5971,0,1
5972,1,0
5973,0,0
5974,0,0
5975,1,0
5976,0,1
5977,1,1
5978,0,0
5979,0,1
5980,1,0
5981,1,1
5982,0,1
5983,1,1
5984,0,0
5985,1,1
5986,1,1
5987,0,0
5988,1,0
5989,1,0
5990,1,0
5991,0,0
5992,0,0
5993,1,0
5994,1,0
5995,0,1
5996,1,0
5997,0,0
5998,1,0
5999,1,1
6000,1,1
6001,1,0
6002,1,1
6003,1,0
6004,1,0
6005,1,0
6006,0,1
6007,1,0
6008,1,0
6009,1,1
6010,1,0
6011,1,1
6012,0,0
6013,0,1
6014,1,0
6015,1,0
6016,0,0
6017,0,0
6018,1,1
6019,1,0
6020,0,0
6021,0,1
6022,0,0
6023,1,1
6024,1,1
6025,1,0
6026,1,1
6027,1,0
6028,0,0
6029,1,1
6030,1,1
6031,0,0
6032,1,0
6033,1,1
6034,1,0
6035,1,0
6036,1,1
6037,1,1
6038,1,0
6039,1,1
6040,0,1
6041,1,1
6042,0,0
6043,1,0
6044,1,0
6045,1,0
6046,1,0
6047,1,0
6048,1,1
6049,1,1
6050,1,0
6051,1,1
6052,0,0
6053,1,0
6054,0,0
6055,1,1
6056,0,1
6057,1,0
6058,0,1
6059,1,1
6060,0,0
6061,0,0
4805,0,0
5068,1,1
5076,1,1
6062,0,0
6063,1,0
6064,1,0
2,1,0
4988,1,1
6065,1,1
